{
  "Acc_Baseline": 0.36,
  "Acc_Soft": 0.4,
  "Acc_TopScore": 0.37333333333333335,
  "Filtered_Out_Avg": 0.3933333333333333
}